date,oh_region,ICU,ICU_vented,hospitalizations
2020-04-02,CENTRAL,51,39,113
2020-04-03,CENTRAL,57,52,141
2020-04-04,CENTRAL,65,57,143
2020-04-05,CENTRAL,65,55,174
2020-04-06,CENTRAL,73,58,187
2020-04-07,CENTRAL,83,68,183
2020-04-08,CENTRAL,85,68,203
2020-04-09,CENTRAL,92,73,205
2020-04-10,CENTRAL,88,73,218
2020-04-11,CENTRAL,90,77,230
2020-04-12,CENTRAL,93,70,237
2020-04-13,CENTRAL,92,78,248
2020-04-14,CENTRAL,89,73,265
2020-04-15,CENTRAL,89,74,284
2020-04-16,CENTRAL,86,67,287
2020-04-17,CENTRAL,86,72,293
2020-04-18,CENTRAL,90,74,298
2020-04-19,CENTRAL,88,73,299
2020-04-20,CENTRAL,87,74,309
2020-04-21,CENTRAL,88,72,317
2020-04-22,CENTRAL,85,68,316
2020-04-23,CENTRAL,85,67,320
2020-04-24,CENTRAL,88,67,351
2020-04-25,CENTRAL,91,73,367
2020-04-26,CENTRAL,92,70,383
2020-04-27,CENTRAL,91,70,382
2020-04-28,CENTRAL,89,65,370
2020-04-29,CENTRAL,86,64,381
2020-04-30,CENTRAL,86,61,402
2020-05-01,CENTRAL,79,59,411
2020-05-02,CENTRAL,79,55,415
2020-05-03,CENTRAL,87,65,396
2020-05-04,CENTRAL,85,66,396
2020-05-05,CENTRAL,86,67,433
2020-05-06,CENTRAL,84,67,435
2020-05-07,CENTRAL,83,60,433
2020-05-08,CENTRAL,81,64,437
2020-05-09,CENTRAL,78,63,445
2020-05-10,CENTRAL,76,53,391
2020-05-11,CENTRAL,75,58,433
2020-05-12,CENTRAL,78,60,445
2020-05-13,CENTRAL,76,56,452
2020-05-14,CENTRAL,74,55,458
2020-05-15,CENTRAL,73,56,451
2020-05-16,CENTRAL,74,59,458
2020-05-17,CENTRAL,65,57,439
2020-05-18,CENTRAL,68,56,439
2020-05-19,CENTRAL,66,53,444
2020-05-20,CENTRAL,67,51,453
2020-05-21,CENTRAL,66,52,449
2020-05-22,CENTRAL,64,52,429
2020-05-23,CENTRAL,63,52,409
2020-05-24,CENTRAL,64,49,395
2020-05-25,CENTRAL,61,50,402
2020-05-26,CENTRAL,62,50,386
2020-05-27,CENTRAL,65,54,388
2020-05-28,CENTRAL,66,42,389
2020-05-29,CENTRAL,61,52,383
2020-05-30,CENTRAL,60,39,387
2020-05-31,CENTRAL,60,47,368
2020-06-01,CENTRAL,62,48,359
2020-06-02,CENTRAL,61,47,378
2020-06-03,CENTRAL,62,49,384
2020-06-04,CENTRAL,58,45,380
2020-06-05,CENTRAL,57,45,364
2020-06-06,CENTRAL,58,48,326
2020-06-07,CENTRAL,55,45,320
2020-06-08,CENTRAL,53,41,304
2020-06-09,CENTRAL,51,41,285
2020-06-10,CENTRAL,52,39,282
2020-06-11,CENTRAL,53,40,252
2020-06-12,CENTRAL,48,34,231
2020-06-13,CENTRAL,46,21,222
2020-06-14,CENTRAL,45,30,206
2020-06-15,CENTRAL,44,23,193
2020-06-16,CENTRAL,42,27,191
2020-06-17,CENTRAL,37,24,175
2020-06-18,CENTRAL,33,19,167
2020-06-19,CENTRAL,93,69,149
2020-06-20,CENTRAL,29,22,157
2020-06-21,CENTRAL,31,22,146
2020-06-22,CENTRAL,24,17,143
2020-06-23,CENTRAL,25,18,148
2020-06-24,CENTRAL,24,18,139
2020-06-25,CENTRAL,22,19,132
2020-06-26,CENTRAL,21,17,126
2020-06-27,CENTRAL,19,15,122
2020-06-28,CENTRAL,19,14,108
2020-06-29,CENTRAL,19,14,111
2020-06-30,CENTRAL,16,14,99
2020-07-01,CENTRAL,18,13,104
2020-07-02,CENTRAL,19,12,62
2020-07-03,CENTRAL,19,12,62
2020-07-05,CENTRAL,18,9,50
2020-07-06,CENTRAL,18,9,49
2020-07-07,CENTRAL,17,11,50
2020-07-08,CENTRAL,17,13,48
2020-07-09,CENTRAL,15,11,47
2020-07-10,CENTRAL,17,11,44
2020-07-11,CENTRAL,14,9,52
2020-07-12,CENTRAL,14,10,45
2020-07-13,CENTRAL,12,10,47
2020-07-14,CENTRAL,13,11,46
2020-07-15,CENTRAL,14,12,45
2020-07-16,CENTRAL,15,11,45
2020-07-17,CENTRAL,15,11,36
2020-07-18,CENTRAL,16,12,33
2020-07-19,CENTRAL,15,11,33
2020-07-20,CENTRAL,15,12,34
2020-07-21,CENTRAL,15,11,37
2020-07-22,CENTRAL,17,10,43
2020-07-23,CENTRAL,17,9,40
2020-07-24,CENTRAL,15,9,34
2020-07-25,CENTRAL,15,9,34
2020-07-26,CENTRAL,14,9,30
2020-07-27,CENTRAL,16,8,29
2020-07-28,CENTRAL,16,9,32
2020-07-29,CENTRAL,13,8,31
2020-07-30,CENTRAL,13,7,29
2020-07-31,CENTRAL,12,7,27
2020-08-01,CENTRAL,12,7,27
2020-08-02,CENTRAL,11,8,26
2020-08-03,CENTRAL,10,8,31
2020-08-04,CENTRAL,10,8,29
2020-08-05,CENTRAL,11,8,24
2020-08-06,CENTRAL,11,7,29
2020-08-07,CENTRAL,8,6,23
2020-08-08,CENTRAL,7,7,16
2020-08-09,CENTRAL,7,6,24
2020-08-10,CENTRAL,8,7,19
2020-08-11,CENTRAL,7,6,21
2020-08-12,CENTRAL,7,6,19
2020-08-13,CENTRAL,7,6,16
2020-08-14,CENTRAL,6,5,16
2020-08-15,CENTRAL,6,5,13
2020-08-16,CENTRAL,6,5,11
2020-08-17,CENTRAL,5,5,7
2020-08-18,CENTRAL,5,5,12
2020-08-19,CENTRAL,4,4,12
2020-08-20,CENTRAL,4,3,10
2020-08-21,CENTRAL,4,3,13
2020-08-22,CENTRAL,4,3,13
2020-08-23,CENTRAL,4,4,14
2020-08-24,CENTRAL,4,4,13
2020-08-25,CENTRAL,6,6,15
2020-08-26,CENTRAL,8,6,19
2020-08-27,CENTRAL,10,7,22
2020-08-28,CENTRAL,10,8,31
2020-08-29,CENTRAL,10,4,23
2020-08-30,CENTRAL,11,7,21
2020-08-31,CENTRAL,10,5,19
2020-09-01,CENTRAL,11,6,24
2020-09-02,CENTRAL,8,6,20
2020-09-03,CENTRAL,7,6,22
2020-09-04,CENTRAL,9,6,29
2020-09-05,CENTRAL,10,6,26
2020-09-06,CENTRAL,11,6,27
2020-09-07,CENTRAL,13,6,28
2020-09-08,CENTRAL,11,5,28
2020-09-09,CENTRAL,8,5,30
2020-09-10,CENTRAL,8,6,28
2020-09-11,CENTRAL,8,6,23
2020-09-12,CENTRAL,8,5,22
2020-09-13,CENTRAL,8,6,19
2020-09-14,CENTRAL,9,6,22
2020-09-15,CENTRAL,10,5,25
2020-09-16,CENTRAL,11,7,23
2020-09-17,CENTRAL,12,7,22
2020-09-18,CENTRAL,10,6,25
2020-09-19,CENTRAL,10,6,28
2020-09-20,CENTRAL,12,6,32
2020-09-21,CENTRAL,12,7,37
2020-09-22,CENTRAL,14,8,44
2020-09-23,CENTRAL,14,6,46
2020-09-24,CENTRAL,15,6,45
2020-09-25,CENTRAL,14,6,45
2020-09-26,CENTRAL,16,8,44
2020-09-27,CENTRAL,16,9,47
2020-09-28,CENTRAL,16,10,50
2020-09-29,CENTRAL,15,10,53
2020-09-30,CENTRAL,18,10,49
2020-10-01,CENTRAL,18,10,52
2020-10-02,CENTRAL,17,10,55
2020-10-03,CENTRAL,18,11,52
2020-10-04,CENTRAL,18,12,49
2020-10-05,CENTRAL,19,12,52
2020-10-06,CENTRAL,18,12,61
2020-10-07,CENTRAL,16,12,61
2020-10-08,CENTRAL,18,13,68
2020-10-09,CENTRAL,19,13,82
2020-10-10,CENTRAL,22,12,85
2020-10-11,CENTRAL,23,13,88
2020-10-12,CENTRAL,23,12,81
2020-10-13,CENTRAL,27,14,89
2020-10-14,CENTRAL,30,15,84
2020-10-15,CENTRAL,30,13,105
2020-10-16,CENTRAL,34,17,107
2020-10-17,CENTRAL,32,17,119
2020-10-18,CENTRAL,29,15,110
2020-10-19,CENTRAL,28,14,117
2020-10-20,CENTRAL,28,18,125
2020-10-21,CENTRAL,27,20,118
2020-10-22,CENTRAL,27,23,116
2020-10-23,CENTRAL,28,18,115
2020-10-24,CENTRAL,31,24,127
2020-10-25,CENTRAL,31,24,127
2020-10-26,CENTRAL,31,23,141
2020-10-27,CENTRAL,30,23,139
2020-10-28,CENTRAL,29,24,129
2020-10-29,CENTRAL,31,23,127
2020-10-30,CENTRAL,34,26,127
2020-10-31,CENTRAL,35,30,133
2020-11-01,CENTRAL,35,23,135
2020-11-02,CENTRAL,34,21,140
2020-11-03,CENTRAL,30,21,137
2020-11-04,CENTRAL,30,20,148
2020-11-05,CENTRAL,40,22,155
2020-11-06,CENTRAL,39,24,151
2020-11-07,CENTRAL,42,25,171
2020-11-08,CENTRAL,38,25,160
2020-11-09,CENTRAL,35,25,158
2020-11-10,CENTRAL,35,23,180
2020-11-11,CENTRAL,37,23,186
2020-11-12,CENTRAL,40,26,200
2020-11-13,CENTRAL,45,28,213
2020-11-14,CENTRAL,43,27,231
2020-11-15,CENTRAL,47,30,224
2020-11-16,CENTRAL,50,29,231
2020-11-17,CENTRAL,52,30,246
2020-11-18,CENTRAL,53,34,249
2020-11-19,CENTRAL,60,34,246
2020-11-20,CENTRAL,59,35,246
2020-11-21,CENTRAL,56,32,237
2020-11-22,CENTRAL,60,32,234
2020-11-23,CENTRAL,63,42,250
2020-11-24,CENTRAL,68,42,256
2020-11-25,CENTRAL,71,51,250
2020-11-26,CENTRAL,70,50,258
2020-11-27,CENTRAL,71,46,258
2020-11-28,CENTRAL,72,48,277
2020-11-29,CENTRAL,74,44,274
2020-11-30,CENTRAL,77,54,272
2020-12-01,CENTRAL,81,56,277
2020-12-02,CENTRAL,77,47,275
2020-12-03,CENTRAL,81,53,273
2020-12-04,CENTRAL,81,53,282
2020-12-05,CENTRAL,81,50,279
2020-12-06,CENTRAL,81,51,296
2020-12-07,CENTRAL,83,52,316
2020-12-08,CENTRAL,79,53,315
2020-12-09,CENTRAL,80,48,323
2020-12-10,CENTRAL,86,55,324
2020-12-11,CENTRAL,87,57,322
2020-12-12,CENTRAL,91,61,336
2020-12-13,CENTRAL,99,61,331
2020-12-14,CENTRAL,94,60,358
2020-12-15,CENTRAL,99,63,383
2020-12-16,CENTRAL,97,67,386
2020-12-17,CENTRAL,101,66,376
2020-12-18,CENTRAL,99,63,350
2020-12-19,CENTRAL,100,61,361
2020-12-20,CENTRAL,106,63,364
2020-12-21,CENTRAL,105,62,381
2020-12-22,CENTRAL,106,63,424
2020-12-23,CENTRAL,106,71,423
2020-12-24,CENTRAL,105,68,416
2020-12-25,CENTRAL,108,50,424
2020-12-26,CENTRAL,115,74,398
2020-12-27,CENTRAL,118,89,444
2020-12-28,CENTRAL,122,97,485
2020-12-29,CENTRAL,122,94,490
2020-12-30,CENTRAL,125,82,505
2020-12-31,CENTRAL,128,89,502
2021-01-01,CENTRAL,127,94,517
2021-01-02,CENTRAL,117,88,503
2021-01-03,CENTRAL,120,93,534
2021-01-04,CENTRAL,122,77,542
2021-01-05,CENTRAL,125,91,562
2021-01-06,CENTRAL,133,98,598
2021-01-07,CENTRAL,134,101,595
2021-01-08,CENTRAL,140,104,592
2021-01-09,CENTRAL,141,98,603
2021-01-10,CENTRAL,133,99,618
2021-01-11,CENTRAL,134,97,636
2021-01-12,CENTRAL,134,97,700
2021-01-13,CENTRAL,128,97,671
2021-01-14,CENTRAL,129,95,664
2021-01-15,CENTRAL,124,94,665
2021-01-16,CENTRAL,125,89,647
2021-01-17,CENTRAL,123,101,624
2021-01-18,CENTRAL,128,101,633
2021-01-19,CENTRAL,133,99,641
2021-01-20,CENTRAL,129,99,639
2021-01-21,CENTRAL,129,96,573
2021-01-22,CENTRAL,130,94,564
2021-01-23,CENTRAL,134,96,566
2021-01-24,CENTRAL,130,100,548
2021-01-25,CENTRAL,135,99,537
2021-01-26,CENTRAL,131,98,550
2021-01-27,CENTRAL,124,96,512
2021-01-28,CENTRAL,117,95,493
2021-01-29,CENTRAL,120,89,469
2021-01-30,CENTRAL,121,76,466
2021-01-31,CENTRAL,116,90,453
2021-02-01,CENTRAL,117,87,449
2021-02-02,CENTRAL,114,79,462
2021-02-03,CENTRAL,109,79,366
2021-02-04,CENTRAL,103,79,424
2021-02-05,CENTRAL,103,67,399
2021-02-06,CENTRAL,102,65,399
2021-02-07,CENTRAL,105,70,370
2021-02-08,CENTRAL,103,70,374
2021-02-09,CENTRAL,100,68,385
2021-02-10,CENTRAL,99,71,367
2021-02-11,CENTRAL,91,68,370
2021-02-12,CENTRAL,93,66,343
2021-02-13,CENTRAL,95,67,325
2021-02-14,CENTRAL,102,71,296
2021-02-15,CENTRAL,101,71,329
2021-02-16,CENTRAL,112,83,323
2021-02-17,CENTRAL,114,87,266
2021-02-18,CENTRAL,114,79,324
2021-02-19,CENTRAL,111,81,289
2021-02-20,CENTRAL,112,80,313
2021-02-21,CENTRAL,118,80,317
2021-02-22,CENTRAL,116,81,296
2021-02-23,CENTRAL,122,81,298
2021-02-24,CENTRAL,116,77,280
2021-02-25,CENTRAL,115,77,280
2021-02-26,CENTRAL,114,79,273
2021-02-27,CENTRAL,109,78,285
2021-02-28,CENTRAL,112,75,257
2021-03-01,CENTRAL,106,67,259
2021-03-02,CENTRAL,111,72,261
2021-03-03,CENTRAL,103,74,250
2021-03-04,CENTRAL,107,70,250
2021-03-05,CENTRAL,110,73,249
2021-03-06,CENTRAL,111,65,233
2021-03-07,CENTRAL,105,67,237
2021-03-08,CENTRAL,103,64,245
2021-03-09,CENTRAL,104,64,257
2021-03-10,CENTRAL,104,57,256
2021-03-11,CENTRAL,104,65,255
2021-03-12,CENTRAL,102,69,255
2021-03-13,CENTRAL,98,67,264
2021-03-14,CENTRAL,104,69,261
2021-03-15,CENTRAL,108,70,273
2021-03-16,CENTRAL,111,75,271
2021-03-17,CENTRAL,111,74,272
2021-03-18,CENTRAL,109,72,270
2021-03-19,CENTRAL,115,69,278
2021-03-20,CENTRAL,112,71,285
2021-03-21,CENTRAL,114,73,294
2021-03-22,CENTRAL,110,75,317
2020-04-02,EAST,38,31,99
2020-04-03,EAST,47,39,101
2020-04-04,EAST,45,36,113
2020-04-05,EAST,49,45,111
2020-04-06,EAST,53,45,129
2020-04-07,EAST,53,46,136
2020-04-08,EAST,59,47,129
2020-04-09,EAST,63,52,136
2020-04-10,EAST,63,56,145
2020-04-11,EAST,62,54,150
2020-04-12,EAST,60,45,142
2020-04-13,EAST,56,46,155
2020-04-14,EAST,58,42,146
2020-04-15,EAST,54,38,139
2020-04-16,EAST,47,38,138
2020-04-17,EAST,45,33,134
2020-04-18,EAST,49,33,137
2020-04-19,EAST,46,32,136
2020-04-20,EAST,47,29,136
2020-04-21,EAST,44,28,135
2020-04-22,EAST,43,27,141
2020-04-23,EAST,35,23,134
2020-04-24,EAST,33,25,143
2020-04-25,EAST,33,25,137
2020-04-26,EAST,35,27,140
2020-04-27,EAST,35,28,138
2020-04-28,EAST,36,28,142
2020-04-29,EAST,36,29,152
2020-04-30,EAST,37,28,161
2020-05-01,EAST,41,31,158
2020-05-02,EAST,40,27,148
2020-05-03,EAST,42,30,157
2020-05-04,EAST,45,33,159
2020-05-05,EAST,43,31,160
2020-05-06,EAST,41,31,160
2020-05-07,EAST,42,29,165
2020-05-08,EAST,42,32,168
2020-05-09,EAST,39,28,170
2020-05-10,EAST,34,26,170
2020-05-11,EAST,34,26,186
2020-05-12,EAST,31,21,166
2020-05-13,EAST,30,21,165
2020-05-14,EAST,32,23,163
2020-05-15,EAST,30,19,150
2020-05-16,EAST,28,21,147
2020-05-17,EAST,28,21,148
2020-05-18,EAST,27,20,144
2020-05-19,EAST,27,17,144
2020-05-20,EAST,25,19,141
2020-05-21,EAST,24,20,140
2020-05-22,EAST,26,21,139
2020-05-23,EAST,24,22,134
2020-05-24,EAST,23,14,127
2020-05-25,EAST,24,21,125
2020-05-26,EAST,22,18,119
2020-05-27,EAST,24,20,125
2020-05-28,EAST,24,20,117
2020-05-29,EAST,25,18,122
2020-05-30,EAST,21,17,120
2020-05-31,EAST,20,17,120
2020-06-01,EAST,22,19,117
2020-06-02,EAST,23,17,121
2020-06-03,EAST,23,18,117
2020-06-04,EAST,21,19,114
2020-06-05,EAST,21,18,112
2020-06-06,EAST,21,17,105
2020-06-07,EAST,21,17,100
2020-06-08,EAST,21,13,97
2020-06-09,EAST,21,15,94
2020-06-10,EAST,21,13,94
2020-06-11,EAST,18,13,87
2020-06-12,EAST,17,14,89
2020-06-13,EAST,17,12,72
2020-06-14,EAST,18,15,62
2020-06-15,EAST,19,14,57
2020-06-16,EAST,18,12,60
2020-06-17,EAST,16,12,53
2020-06-18,EAST,15,11,52
2020-06-19,EAST,39,36,50
2020-06-20,EAST,13,11,45
2020-06-21,EAST,14,12,34
2020-06-22,EAST,14,12,34
2020-06-23,EAST,15,9,35
2020-06-24,EAST,14,8,35
2020-06-25,EAST,12,5,32
2020-06-26,EAST,13,5,28
2020-06-27,EAST,11,5,32
2020-06-28,EAST,9,5,31
2020-06-29,EAST,8,5,27
2020-06-30,EAST,8,5,21
2020-07-01,EAST,10,5,24
2020-07-02,EAST,8,5,19
2020-07-03,EAST,8,3,19
2020-07-05,EAST,7,5,17
2020-07-06,EAST,6,5,18
2020-07-07,EAST,6,4,17
2020-07-08,EAST,5,3,15
2020-07-09,EAST,3,2,13
2020-07-10,EAST,3,2,12
2020-07-11,EAST,4,1,12
2020-07-12,EAST,4,2,12
2020-07-13,EAST,4,2,12
2020-07-14,EAST,4,2,12
2020-07-15,EAST,5,2,12
2020-07-16,EAST,3,2,15
2020-07-17,EAST,4,2,12
2020-07-18,EAST,5,3,14
2020-07-19,EAST,4,3,13
2020-07-20,EAST,4,3,15
2020-07-21,EAST,7,4,17
2020-07-22,EAST,7,4,14
2020-07-23,EAST,7,5,15
2020-07-24,EAST,6,4,15
2020-07-25,EAST,5,4,17
2020-07-26,EAST,6,4,13
2020-07-27,EAST,6,4,15
2020-07-28,EAST,7,4,16
2020-07-29,EAST,7,4,15
2020-07-30,EAST,6,3,16
2020-07-31,EAST,7,3,16
2020-08-01,EAST,5,1,17
2020-08-02,EAST,4,1,17
2020-08-03,EAST,4,1,14
2020-08-04,EAST,4,1,18
2020-08-05,EAST,3,0,14
2020-08-06,EAST,3,0,12
2020-08-07,EAST,4,0,13
2020-08-08,EAST,4,0,12
2020-08-09,EAST,4,0,9
2020-08-10,EAST,4,0,8
2020-08-11,EAST,3,0,11
2020-08-12,EAST,3,0,11
2020-08-13,EAST,4,0,9
2020-08-14,EAST,3,0,9
2020-08-15,EAST,4,0,11
2020-08-16,EAST,4,0,8
2020-08-17,EAST,3,0,8
2020-08-18,EAST,3,1,9
2020-08-19,EAST,3,1,9
2020-08-20,EAST,4,1,6
2020-08-21,EAST,3,1,5
2020-08-22,EAST,3,1,9
2020-08-23,EAST,3,1,11
2020-08-24,EAST,4,1,11
2020-08-25,EAST,3,1,8
2020-08-26,EAST,3,1,10
2020-08-27,EAST,4,1,12
2020-08-28,EAST,4,1,14
2020-08-29,EAST,4,1,12
2020-08-30,EAST,4,0,12
2020-08-31,EAST,3,1,11
2020-09-01,EAST,3,1,11
2020-09-02,EAST,2,1,13
2020-09-03,EAST,3,1,9
2020-09-04,EAST,2,0,11
2020-09-05,EAST,2,0,13
2020-09-06,EAST,2,1,10
2020-09-07,EAST,3,1,11
2020-09-08,EAST,3,0,12
2020-09-09,EAST,3,1,10
2020-09-10,EAST,4,1,14
2020-09-11,EAST,4,1,11
2020-09-12,EAST,1,1,10
2020-09-13,EAST,1,1,10
2020-09-14,EAST,1,1,11
2020-09-15,EAST,2,1,9
2020-09-16,EAST,2,1,8
2020-09-17,EAST,1,1,9
2020-09-18,EAST,2,0,10
2020-09-19,EAST,2,0,15
2020-09-20,EAST,3,0,11
2020-09-21,EAST,3,1,10
2020-09-22,EAST,3,0,10
2020-09-23,EAST,4,0,14
2020-09-24,EAST,4,0,15
2020-09-25,EAST,4,2,16
2020-09-26,EAST,5,2,25
2020-09-27,EAST,6,3,32
2020-09-28,EAST,6,3,39
2020-09-29,EAST,8,3,42
2020-09-30,EAST,9,4,54
2020-10-01,EAST,9,5,56
2020-10-02,EAST,10,6,60
2020-10-03,EAST,11,7,55
2020-10-04,EAST,12,8,59
2020-10-05,EAST,12,8,59
2020-10-06,EAST,11,9,63
2020-10-07,EAST,12,9,66
2020-10-08,EAST,15,11,66
2020-10-09,EAST,16,11,69
2020-10-10,EAST,16,11,60
2020-10-11,EAST,19,13,64
2020-10-12,EAST,21,12,63
2020-10-13,EAST,21,13,78
2020-10-14,EAST,20,12,76
2020-10-15,EAST,20,11,75
2020-10-16,EAST,22,11,81
2020-10-17,EAST,25,15,74
2020-10-18,EAST,24,16,68
2020-10-19,EAST,25,16,63
2020-10-20,EAST,26,15,68
2020-10-21,EAST,26,16,72
2020-10-22,EAST,27,14,80
2020-10-23,EAST,26,14,79
2020-10-24,EAST,26,16,82
2020-10-25,EAST,25,18,75
2020-10-26,EAST,25,16,81
2020-10-27,EAST,26,16,85
2020-10-28,EAST,26,16,88
2020-10-29,EAST,27,17,98
2020-10-30,EAST,25,16,99
2020-10-31,EAST,24,17,94
2020-11-01,EAST,23,14,97
2020-11-02,EAST,24,14,106
2020-11-03,EAST,24,14,111
2020-11-04,EAST,24,13,122
2020-11-05,EAST,24,13,124
2020-11-06,EAST,29,15,120
2020-11-07,EAST,28,16,115
2020-11-08,EAST,30,17,115
2020-11-09,EAST,31,19,118
2020-11-10,EAST,27,17,128
2020-11-11,EAST,31,19,128
2020-11-12,EAST,34,20,117
2020-11-13,EAST,32,19,132
2020-11-14,EAST,30,16,136
2020-11-15,EAST,33,17,122
2020-11-16,EAST,32,20,122
2020-11-17,EAST,31,20,120
2020-11-18,EAST,30,19,125
2020-11-19,EAST,35,21,121
2020-11-20,EAST,34,24,120
2020-11-21,EAST,32,22,116
2020-11-22,EAST,30,20,108
2020-11-23,EAST,32,19,112
2020-11-24,EAST,34,15,115
2020-11-25,EAST,34,17,110
2020-11-26,EAST,29,16,106
2020-11-27,EAST,29,17,98
2020-11-28,EAST,28,16,99
2020-11-29,EAST,29,19,104
2020-11-30,EAST,33,18,119
2020-12-01,EAST,39,21,124
2020-12-02,EAST,39,19,128
2020-12-03,EAST,40,17,127
2020-12-04,EAST,41,19,129
2020-12-05,EAST,37,17,129
2020-12-06,EAST,38,9,130
2020-12-07,EAST,40,20,126
2020-12-08,EAST,40,22,135
2020-12-09,EAST,42,24,137
2020-12-10,EAST,43,23,148
2020-12-11,EAST,50,23,151
2020-12-12,EAST,48,28,149
2020-12-13,EAST,50,28,138
2020-12-14,EAST,47,31,131
2020-12-15,EAST,50,31,135
2020-12-16,EAST,54,32,149
2020-12-17,EAST,50,34,143
2020-12-18,EAST,45,33,133
2020-12-19,EAST,46,33,128
2020-12-20,EAST,45,32,140
2020-12-21,EAST,47,35,140
2020-12-22,EAST,46,37,143
2020-12-23,EAST,44,34,147
2020-12-24,EAST,45,33,133
2020-12-25,EAST,45,33,121
2020-12-26,EAST,43,33,129
2020-12-27,EAST,42,31,131
2020-12-28,EAST,44,31,133
2020-12-29,EAST,48,31,135
2020-12-30,EAST,55,38,146
2020-12-31,EAST,53,33,153
2021-01-01,EAST,51,33,160
2021-01-02,EAST,53,38,156
2021-01-03,EAST,55,36,153
2021-01-04,EAST,57,37,166
2021-01-05,EAST,61,41,178
2021-01-06,EAST,58,39,178
2021-01-07,EAST,58,35,175
2021-01-08,EAST,58,37,199
2021-01-09,EAST,64,39,202
2021-01-10,EAST,67,46,208
2021-01-11,EAST,68,51,212
2021-01-12,EAST,69,48,215
2021-01-13,EAST,71,51,240
2021-01-14,EAST,72,50,223
2021-01-15,EAST,72,52,204
2021-01-16,EAST,77,55,225
2021-01-17,EAST,81,55,213
2021-01-18,EAST,80,58,223
2021-01-19,EAST,75,47,220
2021-01-20,EAST,74,50,209
2021-01-21,EAST,72,49,217
2021-01-22,EAST,68,53,200
2021-01-23,EAST,70,54,199
2021-01-24,EAST,70,48,202
2021-01-25,EAST,72,50,190
2021-01-26,EAST,69,53,195
2021-01-27,EAST,67,49,198
2021-01-28,EAST,67,46,194
2021-01-29,EAST,65,48,198
2021-01-30,EAST,60,42,194
2021-01-31,EAST,62,43,173
2021-02-01,EAST,63,46,170
2021-02-02,EAST,61,47,175
2021-02-03,EAST,64,50,172
2021-02-04,EAST,66,51,176
2021-02-05,EAST,69,47,171
2021-02-06,EAST,70,56,159
2021-02-07,EAST,71,56,147
2021-02-08,EAST,78,56,141
2021-02-09,EAST,75,55,147
2021-02-10,EAST,70,54,139
2021-02-11,EAST,69,50,133
2021-02-12,EAST,68,48,127
2021-02-13,EAST,62,46,120
2021-02-14,EAST,57,41,114
2021-02-15,EAST,55,43,113
2021-02-16,EAST,55,42,111
2021-02-17,EAST,58,45,115
2021-02-18,EAST,54,42,117
2021-02-19,EAST,53,40,107
2021-02-20,EAST,52,39,102
2021-02-21,EAST,56,40,89
2021-02-22,EAST,59,39,92
2021-02-23,EAST,56,38,100
2021-02-24,EAST,58,36,93
2021-02-25,EAST,57,35,90
2021-02-26,EAST,57,37,98
2021-02-27,EAST,55,37,97
2021-02-28,EAST,60,37,87
2021-03-01,EAST,60,36,100
2021-03-02,EAST,58,33,102
2021-03-03,EAST,52,31,107
2021-03-04,EAST,51,26,100
2021-03-05,EAST,52,30,109
2021-03-06,EAST,46,29,109
2021-03-07,EAST,47,25,98
2021-03-08,EAST,51,26,98
2021-03-09,EAST,55,33,108
2021-03-10,EAST,50,32,126
2021-03-11,EAST,48,31,115
2021-03-12,EAST,55,32,115
2021-03-13,EAST,57,33,117
2021-03-14,EAST,56,37,114
2021-03-15,EAST,58,39,117
2021-03-16,EAST,60,39,124
2021-03-17,EAST,64,41,117
2021-03-18,EAST,64,36,106
2021-03-19,EAST,66,37,113
2021-03-20,EAST,62,43,120
2021-03-21,EAST,63,43,118
2021-03-22,EAST,65,42,130
2020-04-02,NORTH,0,0,4
2020-04-03,NORTH,3,1,8
2020-04-04,NORTH,3,1,11
2020-04-05,NORTH,4,1,7
2020-04-06,NORTH,3,1,9
2020-04-07,NORTH,3,1,10
2020-04-08,NORTH,4,1,9
2020-04-09,NORTH,5,1,11
2020-04-10,NORTH,5,1,12
2020-04-11,NORTH,4,2,12
2020-04-12,NORTH,4,1,12
2020-04-13,NORTH,4,1,12
2020-04-14,NORTH,3,1,13
2020-04-15,NORTH,3,2,13
2020-04-16,NORTH,3,2,9
2020-04-17,NORTH,3,3,9
2020-04-18,NORTH,3,3,7
2020-04-19,NORTH,3,3,10
2020-04-20,NORTH,4,4,9
2020-04-21,NORTH,4,3,9
2020-04-22,NORTH,4,3,11
2020-04-23,NORTH,4,4,13
2020-04-24,NORTH,3,3,12
2020-04-25,NORTH,3,3,11
2020-04-26,NORTH,3,2,11
2020-04-27,NORTH,3,2,12
2020-04-28,NORTH,2,1,13
2020-04-29,NORTH,2,1,10
2020-04-30,NORTH,2,1,9
2020-05-01,NORTH,2,1,10
2020-05-02,NORTH,2,1,10
2020-05-03,NORTH,3,1,11
2020-05-04,NORTH,3,1,11
2020-05-05,NORTH,3,1,11
2020-05-06,NORTH,2,1,10
2020-05-07,NORTH,2,0,9
2020-05-08,NORTH,2,0,9
2020-05-09,NORTH,2,0,8
2020-05-10,NORTH,2,0,7
2020-05-11,NORTH,1,0,7
2020-05-12,NORTH,1,0,7
2020-05-13,NORTH,1,0,7
2020-05-14,NORTH,1,1,8
2020-05-15,NORTH,0,0,7
2020-05-16,NORTH,0,0,5
2020-05-17,NORTH,0,0,5
2020-05-18,NORTH,0,0,5
2020-05-19,NORTH,0,0,3
2020-05-20,NORTH,0,0,3
2020-05-21,NORTH,0,0,3
2020-05-22,NORTH,0,0,5
2020-05-23,NORTH,0,0,5
2020-05-24,NORTH,0,0,5
2020-05-25,NORTH,0,0,5
2020-05-26,NORTH,0,0,4
2020-05-27,NORTH,0,0,6
2020-05-28,NORTH,0,0,7
2020-05-29,NORTH,0,0,4
2020-05-30,NORTH,0,0,4
2020-05-31,NORTH,0,0,4
2020-06-01,NORTH,0,0,4
2020-06-02,NORTH,0,0,3
2020-06-03,NORTH,0,0,3
2020-06-04,NORTH,0,0,5
2020-06-05,NORTH,0,0,6
2020-06-06,NORTH,0,0,4
2020-06-07,NORTH,0,0,3
2020-06-08,NORTH,0,0,3
2020-06-09,NORTH,0,0,4
2020-06-10,NORTH,0,0,4
2020-06-11,NORTH,0,0,3
2020-06-12,NORTH,0,0,3
2020-06-13,NORTH,0,0,3
2020-06-14,NORTH,0,0,4
2020-06-15,NORTH,0,0,4
2020-06-16,NORTH,0,0,4
2020-06-17,NORTH,0,0,6
2020-06-18,NORTH,0,0,6
2020-06-19,NORTH,0,0,6
2020-06-20,NORTH,0,0,8
2020-06-21,NORTH,0,0,4
2020-06-22,NORTH,0,0,4
2020-06-23,NORTH,0,0,4
2020-06-24,NORTH,0,0,6
2020-06-25,NORTH,0,0,5
2020-06-26,NORTH,0,0,4
2020-06-27,NORTH,0,0,4
2020-06-28,NORTH,0,0,4
2020-06-29,NORTH,0,0,4
2020-06-30,NORTH,0,0,3
2020-07-01,NORTH,0,0,3
2020-07-02,NORTH,0,0,0
2020-07-03,NORTH,0,0,0
2020-07-05,NORTH,0,0,2
2020-07-06,NORTH,0,0,2
2020-07-07,NORTH,0,0,2
2020-07-08,NORTH,0,0,2
2020-07-09,NORTH,0,0,2
2020-07-10,NORTH,1,0,2
2020-07-11,NORTH,0,0,3
2020-07-12,NORTH,0,0,2
2020-07-13,NORTH,0,0,2
2020-07-14,NORTH,0,0,2
2020-07-15,NORTH,0,0,4
2020-07-16,NORTH,0,0,2
2020-07-17,NORTH,0,0,0
2020-07-18,NORTH,0,0,1
2020-07-19,NORTH,0,0,1
2020-07-20,NORTH,0,0,1
2020-07-21,NORTH,0,0,0
2020-07-22,NORTH,0,0,1
2020-07-23,NORTH,0,0,2
2020-07-24,NORTH,0,0,1
2020-07-25,NORTH,0,0,1
2020-07-26,NORTH,0,0,2
2020-07-27,NORTH,0,0,2
2020-07-28,NORTH,0,0,2
2020-07-29,NORTH,0,0,2
2020-07-30,NORTH,0,0,1
2020-07-31,NORTH,0,0,2
2020-08-01,NORTH,0,0,2
2020-08-02,NORTH,0,0,2
2020-08-03,NORTH,0,0,2
2020-08-04,NORTH,0,0,2
2020-08-05,NORTH,0,0,2
2020-08-06,NORTH,0,0,1
2020-08-07,NORTH,0,0,1
2020-08-08,NORTH,0,0,1
2020-08-09,NORTH,0,0,1
2020-08-10,NORTH,0,0,1
2020-08-11,NORTH,0,0,1
2020-08-12,NORTH,0,0,1
2020-08-13,NORTH,0,0,1
2020-08-14,NORTH,0,0,1
2020-08-15,NORTH,0,0,1
2020-08-16,NORTH,0,0,1
2020-08-17,NORTH,0,0,1
2020-08-18,NORTH,0,0,1
2020-08-19,NORTH,0,0,1
2020-08-20,NORTH,0,0,1
2020-08-21,NORTH,0,0,1
2020-08-22,NORTH,0,0,1
2020-08-23,NORTH,0,0,1
2020-08-24,NORTH,0,0,1
2020-08-25,NORTH,0,0,0
2020-08-26,NORTH,0,0,0
2020-08-27,NORTH,0,0,0
2020-08-28,NORTH,0,0,0
2020-08-29,NORTH,0,0,0
2020-08-30,NORTH,0,0,0
2020-08-31,NORTH,0,0,0
2020-09-01,NORTH,0,0,0
2020-09-02,NORTH,0,0,0
2020-09-03,NORTH,0,0,0
2020-09-04,NORTH,0,0,0
2020-09-05,NORTH,0,0,0
2020-09-06,NORTH,0,0,0
2020-09-07,NORTH,0,0,0
2020-09-08,NORTH,0,0,0
2020-09-09,NORTH,0,0,0
2020-09-10,NORTH,0,0,0
2020-09-11,NORTH,0,0,0
2020-09-12,NORTH,0,0,0
2020-09-13,NORTH,0,0,0
2020-09-14,NORTH,0,0,0
2020-09-15,NORTH,0,0,0
2020-09-16,NORTH,0,0,0
2020-09-17,NORTH,0,0,2
2020-09-18,NORTH,0,0,0
2020-09-19,NORTH,0,0,0
2020-09-20,NORTH,0,0,0
2020-09-21,NORTH,0,0,0
2020-09-22,NORTH,0,0,0
2020-09-23,NORTH,0,0,0
2020-09-24,NORTH,0,0,0
2020-09-25,NORTH,0,0,0
2020-09-26,NORTH,0,0,0
2020-09-27,NORTH,0,0,0
2020-09-28,NORTH,0,0,0
2020-09-29,NORTH,0,0,0
2020-09-30,NORTH,0,0,0
2020-10-01,NORTH,0,0,2
2020-10-02,NORTH,0,0,0
2020-10-03,NORTH,0,0,0
2020-10-04,NORTH,0,0,0
2020-10-05,NORTH,0,0,0
2020-10-06,NORTH,0,0,0
2020-10-07,NORTH,0,0,1
2020-10-08,NORTH,0,0,1
2020-10-09,NORTH,0,0,1
2020-10-10,NORTH,0,0,1
2020-10-11,NORTH,0,0,0
2020-10-12,NORTH,0,0,0
2020-10-13,NORTH,0,0,0
2020-10-14,NORTH,0,0,1
2020-10-15,NORTH,0,0,0
2020-10-16,NORTH,0,0,0
2020-10-17,NORTH,0,0,0
2020-10-18,NORTH,0,0,3
2020-10-19,NORTH,0,0,0
2020-10-20,NORTH,0,0,0
2020-10-21,NORTH,0,0,0
2020-10-22,NORTH,0,0,0
2020-10-23,NORTH,0,0,0
2020-10-24,NORTH,0,0,0
2020-10-25,NORTH,0,0,0
2020-10-26,NORTH,0,0,0
2020-10-27,NORTH,0,0,1
2020-10-28,NORTH,0,0,3
2020-10-29,NORTH,0,0,2
2020-10-30,NORTH,0,0,0
2020-10-31,NORTH,0,0,0
2020-11-01,NORTH,0,0,0
2020-11-02,NORTH,0,0,0
2020-11-03,NORTH,0,0,0
2020-11-04,NORTH,1,0,1
2020-11-05,NORTH,0,0,1
2020-11-06,NORTH,0,0,1
2020-11-07,NORTH,0,0,1
2020-11-08,NORTH,0,0,1
2020-11-09,NORTH,0,0,1
2020-11-10,NORTH,0,0,1
2020-11-11,NORTH,0,0,1
2020-11-12,NORTH,0,0,1
2020-11-13,NORTH,0,0,1
2020-11-14,NORTH,0,0,0
2020-11-15,NORTH,1,0,1
2020-11-16,NORTH,2,0,2
2020-11-17,NORTH,1,0,3
2020-11-18,NORTH,1,0,3
2020-11-19,NORTH,1,0,5
2020-11-20,NORTH,1,0,4
2020-11-21,NORTH,2,0,5
2020-11-22,NORTH,1,0,6
2020-11-23,NORTH,3,0,4
2020-11-24,NORTH,1,0,5
2020-11-25,NORTH,0,0,5
2020-11-26,NORTH,0,0,6
2020-11-27,NORTH,0,0,5
2020-11-28,NORTH,0,0,5
2020-11-29,NORTH,0,0,4
2020-11-30,NORTH,0,0,4
2020-12-01,NORTH,1,0,4
2020-12-02,NORTH,1,0,5
2020-12-03,NORTH,1,0,6
2020-12-04,NORTH,2,0,7
2020-12-05,NORTH,2,0,6
2020-12-06,NORTH,2,0,5
2020-12-07,NORTH,2,0,7
2020-12-08,NORTH,2,0,6
2020-12-09,NORTH,2,0,6
2020-12-10,NORTH,2,0,6
2020-12-11,NORTH,0,0,5
2020-12-12,NORTH,1,0,4
2020-12-13,NORTH,0,0,4
2020-12-14,NORTH,0,0,4
2020-12-15,NORTH,0,0,2
2020-12-16,NORTH,0,0,2
2020-12-17,NORTH,0,0,1
2020-12-18,NORTH,0,0,1
2020-12-19,NORTH,0,0,0
2020-12-20,NORTH,0,0,0
2020-12-21,NORTH,0,0,0
2020-12-22,NORTH,1,0,0
2020-12-23,NORTH,1,0,3
2020-12-24,NORTH,1,0,2
2020-12-25,NORTH,3,0,5
2020-12-26,NORTH,3,0,5
2020-12-27,NORTH,3,0,6
2020-12-28,NORTH,3,1,6
2020-12-29,NORTH,4,1,6
2020-12-30,NORTH,4,2,11
2020-12-31,NORTH,3,2,11
2021-01-01,NORTH,4,2,6
2021-01-02,NORTH,4,2,5
2021-01-03,NORTH,4,2,6
2021-01-04,NORTH,3,2,4
2021-01-05,NORTH,4,3,8
2021-01-06,NORTH,4,3,11
2021-01-07,NORTH,4,2,10
2021-01-08,NORTH,5,2,11
2021-01-09,NORTH,3,2,10
2021-01-10,NORTH,5,3,12
2021-01-11,NORTH,5,3,15
2021-01-12,NORTH,5,2,16
2021-01-13,NORTH,4,1,17
2021-01-14,NORTH,4,2,19
2021-01-15,NORTH,3,2,19
2021-01-16,NORTH,2,1,18
2021-01-17,NORTH,2,2,17
2021-01-18,NORTH,1,1,21
2021-01-19,NORTH,1,1,21
2021-01-20,NORTH,1,1,18
2021-01-21,NORTH,1,1,16
2021-01-22,NORTH,1,1,15
2021-01-23,NORTH,1,1,12
2021-01-24,NORTH,1,1,13
2021-01-25,NORTH,1,1,13
2021-01-26,NORTH,2,1,13
2021-01-27,NORTH,2,1,11
2021-01-28,NORTH,2,1,11
2021-01-29,NORTH,2,1,13
2021-01-30,NORTH,1,0,14
2021-01-31,NORTH,1,0,11
2021-02-01,NORTH,1,0,10
2021-02-02,NORTH,3,1,10
2021-02-03,NORTH,3,1,15
2021-02-04,NORTH,3,1,12
2021-02-05,NORTH,3,2,14
2021-02-06,NORTH,3,3,10
2021-02-07,NORTH,6,2,9
2021-02-08,NORTH,5,2,14
2021-02-09,NORTH,4,2,17
2021-02-10,NORTH,5,2,15
2021-02-11,NORTH,6,3,18
2021-02-12,NORTH,5,3,18
2021-02-13,NORTH,5,3,18
2021-02-14,NORTH,7,3,18
2021-02-15,NORTH,6,3,23
2021-02-16,NORTH,5,2,21
2021-02-17,NORTH,5,3,23
2021-02-18,NORTH,5,2,22
2021-02-19,NORTH,5,3,21
2021-02-20,NORTH,7,5,21
2021-02-21,NORTH,7,5,23
2021-02-22,NORTH,8,4,27
2021-02-23,NORTH,11,6,31
2021-02-24,NORTH,11,6,30
2021-02-25,NORTH,10,6,26
2021-02-26,NORTH,7,4,27
2021-02-27,NORTH,7,4,32
2021-02-28,NORTH,12,6,35
2021-03-01,NORTH,11,6,42
2021-03-02,NORTH,11,6,36
2021-03-03,NORTH,12,6,33
2021-03-04,NORTH,13,9,33
2021-03-05,NORTH,11,9,32
2021-03-06,NORTH,14,9,31
2021-03-07,NORTH,14,9,43
2021-03-08,NORTH,16,10,55
2021-03-09,NORTH,16,12,62
2021-03-10,NORTH,16,12,54
2021-03-11,NORTH,14,9,55
2021-03-12,NORTH,15,11,59
2021-03-13,NORTH,14,10,63
2021-03-14,NORTH,13,7,63
2021-03-15,NORTH,14,10,64
2021-03-16,NORTH,13,9,73
2021-03-17,NORTH,17,9,68
2021-03-18,NORTH,20,6,75
2021-03-19,NORTH,22,6,73
2021-03-20,NORTH,22,8,72
2021-03-21,NORTH,21,8,46
2021-03-22,NORTH,17,7,49
2020-04-02,TORONTO,27,17,58
2020-04-03,TORONTO,37,18,62
2020-04-04,TORONTO,34,23,77
2020-04-05,TORONTO,35,21,73
2020-04-06,TORONTO,39,24,90
2020-04-07,TORONTO,40,30,101
2020-04-08,TORONTO,44,35,100
2020-04-09,TORONTO,49,44,111
2020-04-10,TORONTO,48,44,131
2020-04-11,TORONTO,48,39,133
2020-04-12,TORONTO,49,37,146
2020-04-13,TORONTO,49,35,150
2020-04-14,TORONTO,46,41,163
2020-04-15,TORONTO,51,36,167
2020-04-16,TORONTO,53,45,179
2020-04-17,TORONTO,57,50,195
2020-04-18,TORONTO,56,46,205
2020-04-19,TORONTO,58,47,212
2020-04-20,TORONTO,59,50,212
2020-04-21,TORONTO,62,54,227
2020-04-22,TORONTO,62,56,218
2020-04-23,TORONTO,64,53,223
2020-04-24,TORONTO,72,59,228
2020-04-25,TORONTO,73,56,232
2020-04-26,TORONTO,76,58,235
2020-04-27,TORONTO,69,57,237
2020-04-28,TORONTO,68,59,254
2020-04-29,TORONTO,68,59,257
2020-04-30,TORONTO,69,60,243
2020-05-01,TORONTO,67,57,238
2020-05-02,TORONTO,66,42,208
2020-05-03,TORONTO,64,50,239
2020-05-04,TORONTO,61,51,244
2020-05-05,TORONTO,60,44,255
2020-05-06,TORONTO,61,49,256
2020-05-07,TORONTO,60,46,246
2020-05-08,TORONTO,58,47,231
2020-05-09,TORONTO,56,45,235
2020-05-10,TORONTO,57,40,233
2020-05-11,TORONTO,54,43,232
2020-05-12,TORONTO,52,46,232
2020-05-13,TORONTO,55,52,219
2020-05-14,TORONTO,53,47,207
2020-05-15,TORONTO,52,47,207
2020-05-16,TORONTO,55,45,198
2020-05-17,TORONTO,56,40,192
2020-05-18,TORONTO,57,45,188
2020-05-19,TORONTO,52,42,186
2020-05-20,TORONTO,50,41,187
2020-05-21,TORONTO,48,39,178
2020-05-22,TORONTO,47,41,175
2020-05-23,TORONTO,44,37,172
2020-05-24,TORONTO,44,33,165
2020-05-25,TORONTO,47,35,157
2020-05-26,TORONTO,45,37,158
2020-05-27,TORONTO,48,36,161
2020-05-28,TORONTO,37,27,152
2020-05-29,TORONTO,35,26,156
2020-05-30,TORONTO,33,25,161
2020-05-31,TORONTO,31,25,153
2020-06-01,TORONTO,33,20,154
2020-06-02,TORONTO,33,21,147
2020-06-03,TORONTO,30,20,147
2020-06-04,TORONTO,33,25,142
2020-06-05,TORONTO,32,25,138
2020-06-06,TORONTO,31,27,130
2020-06-07,TORONTO,34,25,113
2020-06-08,TORONTO,36,21,121
2020-06-09,TORONTO,36,26,121
2020-06-10,TORONTO,36,27,119
2020-06-11,TORONTO,39,27,110
2020-06-12,TORONTO,37,28,112
2020-06-13,TORONTO,36,29,104
2020-06-14,TORONTO,30,26,102
2020-06-15,TORONTO,31,26,102
2020-06-16,TORONTO,29,24,99
2020-06-17,TORONTO,29,21,93
2020-06-18,TORONTO,28,23,82
2020-06-19,TORONTO,84,66,82
2020-06-20,TORONTO,28,21,80
2020-06-21,TORONTO,30,18,66
2020-06-22,TORONTO,28,21,61
2020-06-23,TORONTO,27,20,62
2020-06-24,TORONTO,28,17,57
2020-06-25,TORONTO,27,17,60
2020-06-26,TORONTO,19,14,57
2020-06-27,TORONTO,17,11,54
2020-06-28,TORONTO,15,11,48
2020-06-29,TORONTO,12,11,49
2020-06-30,TORONTO,11,9,47
2020-07-01,TORONTO,9,7,41
2020-07-02,TORONTO,8,5,42
2020-07-03,TORONTO,8,6,45
2020-07-05,TORONTO,9,6,42
2020-07-06,TORONTO,8,5,42
2020-07-07,TORONTO,8,6,41
2020-07-08,TORONTO,9,6,41
2020-07-09,TORONTO,9,6,43
2020-07-10,TORONTO,8,6,42
2020-07-11,TORONTO,8,5,45
2020-07-12,TORONTO,7,4,44
2020-07-13,TORONTO,8,5,54
2020-07-14,TORONTO,9,5,55
2020-07-15,TORONTO,7,5,31
2020-07-16,TORONTO,4,3,29
2020-07-17,TORONTO,6,3,46
2020-07-18,TORONTO,6,3,45
2020-07-19,TORONTO,7,4,46
2020-07-20,TORONTO,8,4,48
2020-07-21,TORONTO,6,4,46
2020-07-22,TORONTO,4,2,46
2020-07-23,TORONTO,3,3,71
2020-07-24,TORONTO,3,3,66
2020-07-25,TORONTO,3,3,23
2020-07-26,TORONTO,3,3,23
2020-07-27,TORONTO,3,3,22
2020-07-28,TORONTO,3,2,23
2020-07-29,TORONTO,4,2,23
2020-07-30,TORONTO,4,3,17
2020-07-31,TORONTO,5,3,12
2020-08-01,TORONTO,5,3,11
2020-08-02,TORONTO,6,3,9
2020-08-03,TORONTO,5,3,10
2020-08-04,TORONTO,7,4,10
2020-08-05,TORONTO,7,4,9
2020-08-06,TORONTO,8,3,13
2020-08-07,TORONTO,8,2,11
2020-08-08,TORONTO,7,2,6
2020-08-09,TORONTO,7,3,6
2020-08-10,TORONTO,6,4,5
2020-08-11,TORONTO,5,3,10
2020-08-12,TORONTO,4,2,3
2020-08-13,TORONTO,3,2,2
2020-08-14,TORONTO,2,2,2
2020-08-15,TORONTO,2,2,2
2020-08-16,TORONTO,2,1,3
2020-08-17,TORONTO,2,2,3
2020-08-18,TORONTO,2,1,3
2020-08-19,TORONTO,2,2,2
2020-08-20,TORONTO,1,1,3
2020-08-21,TORONTO,1,1,3
2020-08-22,TORONTO,0,0,4
2020-08-23,TORONTO,0,0,4
2020-08-24,TORONTO,1,0,3
2020-08-25,TORONTO,0,0,5
2020-08-26,TORONTO,0,0,4
2020-08-27,TORONTO,0,0,4
2020-08-28,TORONTO,0,0,5
2020-08-29,TORONTO,0,0,5
2020-08-30,TORONTO,0,0,4
2020-08-31,TORONTO,0,0,4
2020-09-01,TORONTO,0,0,5
2020-09-02,TORONTO,0,0,4
2020-09-03,TORONTO,0,0,6
2020-09-04,TORONTO,0,0,5
2020-09-05,TORONTO,0,0,5
2020-09-06,TORONTO,0,0,4
2020-09-07,TORONTO,0,0,4
2020-09-08,TORONTO,2,1,3
2020-09-09,TORONTO,3,1,5
2020-09-10,TORONTO,1,1,4
2020-09-11,TORONTO,5,2,6
2020-09-12,TORONTO,3,2,9
2020-09-13,TORONTO,4,2,8
2020-09-14,TORONTO,5,1,10
2020-09-15,TORONTO,5,3,9
2020-09-16,TORONTO,4,3,9
2020-09-17,TORONTO,4,4,13
2020-09-18,TORONTO,4,4,16
2020-09-19,TORONTO,4,3,13
2020-09-20,TORONTO,4,3,13
2020-09-21,TORONTO,4,3,14
2020-09-22,TORONTO,4,3,18
2020-09-23,TORONTO,4,3,17
2020-09-24,TORONTO,5,3,17
2020-09-25,TORONTO,4,3,19
2020-09-26,TORONTO,4,3,21
2020-09-27,TORONTO,3,1,23
2020-09-28,TORONTO,4,2,28
2020-09-29,TORONTO,4,1,32
2020-09-30,TORONTO,5,1,36
2020-10-01,TORONTO,5,1,40
2020-10-02,TORONTO,6,2,41
2020-10-03,TORONTO,8,3,37
2020-10-04,TORONTO,10,4,44
2020-10-05,TORONTO,9,4,49
2020-10-06,TORONTO,9,3,52
2020-10-07,TORONTO,10,4,52
2020-10-08,TORONTO,9,3,55
2020-10-09,TORONTO,8,3,56
2020-10-10,TORONTO,4,3,52
2020-10-11,TORONTO,3,3,47
2020-10-12,TORONTO,3,3,45
2020-10-13,TORONTO,4,3,48
2020-10-14,TORONTO,6,4,53
2020-10-15,TORONTO,6,4,53
2020-10-16,TORONTO,6,5,53
2020-10-17,TORONTO,7,4,48
2020-10-18,TORONTO,9,7,47
2020-10-19,TORONTO,7,5,49
2020-10-20,TORONTO,8,6,54
2020-10-21,TORONTO,10,7,44
2020-10-22,TORONTO,11,5,47
2020-10-23,TORONTO,15,7,55
2020-10-24,TORONTO,15,6,61
2020-10-25,TORONTO,14,6,59
2020-10-26,TORONTO,12,6,58
2020-10-27,TORONTO,11,7,60
2020-10-28,TORONTO,8,5,68
2020-10-29,TORONTO,10,5,67
2020-10-30,TORONTO,9,5,65
2020-10-31,TORONTO,8,3,68
2020-11-01,TORONTO,7,3,70
2020-11-02,TORONTO,10,4,73
2020-11-03,TORONTO,10,6,79
2020-11-04,TORONTO,11,5,66
2020-11-05,TORONTO,12,6,74
2020-11-06,TORONTO,8,2,72
2020-11-07,TORONTO,10,6,74
2020-11-08,TORONTO,11,6,68
2020-11-09,TORONTO,10,5,66
2020-11-10,TORONTO,11,8,77
2020-11-11,TORONTO,11,9,72
2020-11-12,TORONTO,14,10,72
2020-11-13,TORONTO,17,13,66
2020-11-14,TORONTO,20,16,73
2020-11-15,TORONTO,20,13,77
2020-11-16,TORONTO,23,12,80
2020-11-17,TORONTO,24,14,86
2020-11-18,TORONTO,23,14,83
2020-11-19,TORONTO,25,18,79
2020-11-20,TORONTO,24,19,67
2020-11-21,TORONTO,25,19,75
2020-11-22,TORONTO,25,20,65
2020-11-23,TORONTO,26,21,60
2020-11-24,TORONTO,24,17,77
2020-11-25,TORONTO,22,17,72
2020-11-26,TORONTO,23,17,75
2020-11-27,TORONTO,23,19,84
2020-11-28,TORONTO,26,19,90
2020-11-29,TORONTO,25,18,82
2020-11-30,TORONTO,27,19,94
2020-12-01,TORONTO,30,20,101
2020-12-02,TORONTO,32,23,97
2020-12-03,TORONTO,34,22,96
2020-12-04,TORONTO,37,25,100
2020-12-05,TORONTO,31,26,101
2020-12-06,TORONTO,34,24,82
2020-12-07,TORONTO,32,26,98
2020-12-08,TORONTO,42,28,112
2020-12-09,TORONTO,44,25,119
2020-12-10,TORONTO,40,26,131
2020-12-11,TORONTO,38,16,124
2020-12-12,TORONTO,37,24,138
2020-12-13,TORONTO,42,27,137
2020-12-14,TORONTO,45,31,139
2020-12-15,TORONTO,45,34,152
2020-12-16,TORONTO,48,21,149
2020-12-17,TORONTO,49,34,136
2020-12-18,TORONTO,54,34,136
2020-12-19,TORONTO,48,31,137
2020-12-20,TORONTO,50,33,132
2020-12-21,TORONTO,55,28,144
2020-12-22,TORONTO,59,38,158
2020-12-23,TORONTO,58,41,164
2020-12-24,TORONTO,59,37,159
2020-12-25,TORONTO,56,36,165
2020-12-26,TORONTO,55,38,162
2020-12-27,TORONTO,55,38,153
2020-12-28,TORONTO,55,39,174
2020-12-29,TORONTO,59,39,192
2020-12-30,TORONTO,64,40,215
2020-12-31,TORONTO,70,43,212
2021-01-01,TORONTO,66,47,198
2021-01-02,TORONTO,65,44,203
2021-01-03,TORONTO,68,47,213
2021-01-04,TORONTO,67,39,234
2021-01-05,TORONTO,72,51,242
2021-01-06,TORONTO,71,47,253
2021-01-07,TORONTO,73,48,268
2021-01-08,TORONTO,72,50,270
2021-01-09,TORONTO,77,52,275
2021-01-10,TORONTO,82,59,278
2021-01-11,TORONTO,77,59,287
2021-01-12,TORONTO,75,55,308
2021-01-13,TORONTO,76,62,294
2021-01-14,TORONTO,74,62,292
2021-01-15,TORONTO,80,59,294
2021-01-16,TORONTO,84,67,297
2021-01-17,TORONTO,82,65,283
2021-01-18,TORONTO,83,70,275
2021-01-19,TORONTO,83,68,269
2021-01-20,TORONTO,88,71,260
2021-01-21,TORONTO,85,74,263
2021-01-22,TORONTO,86,69,283
2021-01-23,TORONTO,88,73,279
2021-01-24,TORONTO,90,74,290
2021-01-25,TORONTO,86,72,262
2021-01-26,TORONTO,85,72,275
2021-01-27,TORONTO,88,70,244
2021-01-28,TORONTO,79,59,229
2021-01-29,TORONTO,80,60,214
2021-01-30,TORONTO,77,47,236
2021-01-31,TORONTO,76,49,194
2021-02-01,TORONTO,74,56,203
2021-02-02,TORONTO,70,56,196
2021-02-03,TORONTO,65,53,190
2021-02-04,TORONTO,63,51,184
2021-02-05,TORONTO,67,50,175
2021-02-06,TORONTO,68,51,174
2021-02-07,TORONTO,66,46,171
2021-02-08,TORONTO,63,42,173
2021-02-09,TORONTO,60,44,176
2021-02-10,TORONTO,64,43,174
2021-02-11,TORONTO,61,43,151
2021-02-12,TORONTO,60,42,150
2021-02-13,TORONTO,57,43,150
2021-02-14,TORONTO,60,42,136
2021-02-15,TORONTO,60,40,128
2021-02-16,TORONTO,56,40,130
2021-02-17,TORONTO,58,40,130
2021-02-18,TORONTO,50,38,118
2021-02-19,TORONTO,50,34,116
2021-02-20,TORONTO,44,28,116
2021-02-21,TORONTO,45,28,114
2021-02-22,TORONTO,43,30,124
2021-02-23,TORONTO,44,28,126
2021-02-24,TORONTO,47,28,120
2021-02-25,TORONTO,48,33,130
2021-02-26,TORONTO,52,34,127
2021-02-27,TORONTO,49,28,120
2021-02-28,TORONTO,46,25,115
2021-03-01,TORONTO,46,29,113
2021-03-02,TORONTO,43,34,116
2021-03-03,TORONTO,43,32,108
2021-03-04,TORONTO,43,30,102
2021-03-05,TORONTO,42,30,96
2021-03-06,TORONTO,45,31,92
2021-03-07,TORONTO,45,32,86
2021-03-08,TORONTO,45,32,84
2021-03-09,TORONTO,47,31,90
2021-03-10,TORONTO,50,31,87
2021-03-11,TORONTO,51,33,100
2021-03-12,TORONTO,52,38,103
2021-03-13,TORONTO,49,28,102
2021-03-14,TORONTO,53,36,84
2021-03-15,TORONTO,57,32,98
2021-03-16,TORONTO,52,34,102
2021-03-17,TORONTO,50,29,99
2021-03-18,TORONTO,51,30,92
2021-03-19,TORONTO,50,26,101
2021-03-20,TORONTO,51,28,99
2021-03-21,TORONTO,49,31,115
2021-03-22,TORONTO,49,28,117
2020-04-02,WEST,51,25,133
2020-04-03,WEST,50,30,134
2020-04-04,WEST,43,32,131
2020-04-05,WEST,47,32,143
2020-04-06,WEST,48,32,161
2020-04-07,WEST,54,42,167
2020-04-08,WEST,54,44,162
2020-04-09,WEST,55,44,167
2020-04-10,WEST,56,43,167
2020-04-11,WEST,53,43,174
2020-04-12,WEST,55,43,180
2020-04-13,WEST,62,43,174
2020-04-14,WEST,59,42,171
2020-04-15,WEST,57,38,168
2020-04-16,WEST,59,48,170
2020-04-17,WEST,54,42,174
2020-04-18,WEST,52,41,159
2020-04-19,WEST,52,41,154
2020-04-20,WEST,50,36,153
2020-04-21,WEST,52,37,161
2020-04-22,WEST,49,38,168
2020-04-23,WEST,45,38,171
2020-04-24,WEST,47,39,183
2020-04-25,WEST,45,38,181
2020-04-26,WEST,46,38,177
2020-04-27,WEST,43,34,180
2020-04-28,WEST,44,34,185
2020-04-29,WEST,43,33,189
2020-04-30,WEST,39,31,194
2020-05-01,WEST,36,27,213
2020-05-02,WEST,34,29,208
2020-05-03,WEST,36,28,211
2020-05-04,WEST,31,24,204
2020-05-05,WEST,31,23,198
2020-05-06,WEST,31,26,198
2020-05-07,WEST,33,20,203
2020-05-08,WEST,30,23,207
2020-05-09,WEST,28,22,197
2020-05-10,WEST,26,21,192
2020-05-11,WEST,30,20,196
2020-05-12,WEST,30,19,203
2020-05-13,WEST,27,15,207
2020-05-14,WEST,24,15,199
2020-05-15,WEST,24,13,194
2020-05-16,WEST,23,10,187
2020-05-17,WEST,22,11,212
2020-05-18,WEST,22,12,229
2020-05-19,WEST,22,11,226
2020-05-20,WEST,18,9,225
2020-05-21,WEST,17,6,213
2020-05-22,WEST,16,6,203
2020-05-23,WEST,16,8,192
2020-05-24,WEST,17,8,189
2020-05-25,WEST,16,8,183
2020-05-26,WEST,14,8,184
2020-05-27,WEST,13,7,169
2020-05-28,WEST,10,5,168
2020-05-29,WEST,8,4,161
2020-05-30,WEST,7,3,130
2020-05-31,WEST,7,1,146
2020-06-01,WEST,8,2,147
2020-06-02,WEST,8,2,152
2020-06-03,WEST,12,5,139
2020-06-04,WEST,9,5,135
2020-06-05,WEST,8,6,129
2020-06-06,WEST,7,5,107
2020-06-07,WEST,7,5,97
2020-06-08,WEST,8,6,96
2020-06-09,WEST,8,6,96
2020-06-10,WEST,9,7,81
2020-06-11,WEST,10,7,86
2020-06-12,WEST,12,8,82
2020-06-13,WEST,11,6,83
2020-06-14,WEST,10,6,68
2020-06-15,WEST,10,6,65
2020-06-16,WEST,10,7,61
2020-06-17,WEST,10,8,55
2020-06-18,WEST,8,7,45
2020-06-19,WEST,30,24,42
2020-06-20,WEST,10,9,44
2020-06-21,WEST,11,7,38
2020-06-22,WEST,10,8,38
2020-06-23,WEST,8,7,38
2020-06-24,WEST,7,5,41
2020-06-25,WEST,8,6,42
2020-06-26,WEST,8,5,41
2020-06-27,WEST,7,4,41
2020-06-28,WEST,8,6,37
2020-06-29,WEST,7,5,44
2020-06-30,WEST,7,6,43
2020-07-01,WEST,6,5,36
2020-07-02,WEST,5,4,26
2020-07-03,WEST,5,4,28
2020-07-05,WEST,5,3,28
2020-07-06,WEST,4,2,23
2020-07-07,WEST,3,3,20
2020-07-08,WEST,4,4,17
2020-07-09,WEST,4,4,18
2020-07-10,WEST,5,5,17
2020-07-11,WEST,5,3,16
2020-07-12,WEST,4,3,17
2020-07-13,WEST,4,3,18
2020-07-14,WEST,4,3,22
2020-07-15,WEST,5,3,23
2020-07-16,WEST,4,4,16
2020-07-17,WEST,5,5,14
2020-07-18,WEST,6,4,12
2020-07-19,WEST,8,5,11
2020-07-20,WEST,10,5,18
2020-07-21,WEST,8,4,21
2020-07-22,WEST,9,3,24
2020-07-23,WEST,8,4,26
2020-07-24,WEST,7,4,25
2020-07-25,WEST,7,5,22
2020-07-26,WEST,6,5,22
2020-07-27,WEST,5,3,23
2020-07-28,WEST,5,3,24
2020-07-29,WEST,5,3,21
2020-07-30,WEST,4,3,22
2020-07-31,WEST,5,2,21
2020-08-01,WEST,5,1,22
2020-08-02,WEST,5,2,21
2020-08-03,WEST,6,1,21
2020-08-04,WEST,7,2,23
2020-08-05,WEST,9,3,17
2020-08-06,WEST,7,3,16
2020-08-07,WEST,8,4,18
2020-08-08,WEST,9,3,19
2020-08-09,WEST,8,3,16
2020-08-10,WEST,7,3,16
2020-08-11,WEST,6,3,17
2020-08-12,WEST,6,2,15
2020-08-13,WEST,6,2,14
2020-08-14,WEST,6,2,12
2020-08-15,WEST,5,3,11
2020-08-16,WEST,6,3,13
2020-08-17,WEST,6,3,14
2020-08-18,WEST,5,3,15
2020-08-19,WEST,6,3,17
2020-08-20,WEST,6,3,14
2020-08-21,WEST,5,2,14
2020-08-22,WEST,6,3,13
2020-08-23,WEST,4,1,13
2020-08-24,WEST,3,2,13
2020-08-25,WEST,4,3,12
2020-08-26,WEST,4,3,11
2020-08-27,WEST,4,2,10
2020-08-28,WEST,4,3,12
2020-08-29,WEST,4,0,13
2020-08-30,WEST,5,3,14
2020-08-31,WEST,5,3,15
2020-09-01,WEST,5,0,25
2020-09-02,WEST,3,2,23
2020-09-03,WEST,2,2,23
2020-09-04,WEST,2,2,21
2020-09-05,WEST,2,2,14
2020-09-06,WEST,2,2,11
2020-09-07,WEST,2,1,12
2020-09-08,WEST,1,1,11
2020-09-09,WEST,1,1,10
2020-09-10,WEST,1,1,8
2020-09-11,WEST,1,0,8
2020-09-12,WEST,0,0,2
2020-09-13,WEST,1,0,2
2020-09-14,WEST,2,0,4
2020-09-15,WEST,2,2,4
2020-09-16,WEST,3,1,6
2020-09-17,WEST,4,0,6
2020-09-18,WEST,4,0,7
2020-09-19,WEST,4,1,8
2020-09-20,WEST,4,1,8
2020-09-21,WEST,3,1,8
2020-09-22,WEST,3,0,10
2020-09-23,WEST,2,0,11
2020-09-24,WEST,3,2,11
2020-09-25,WEST,3,2,9
2020-09-26,WEST,3,2,10
2020-09-27,WEST,3,3,9
2020-09-28,WEST,3,2,11
2020-09-29,WEST,3,2,11
2020-09-30,WEST,3,2,12
2020-10-01,WEST,4,1,12
2020-10-02,WEST,5,3,11
2020-10-03,WEST,4,2,11
2020-10-04,WEST,3,1,14
2020-10-05,WEST,3,2,14
2020-10-06,WEST,3,2,16
2020-10-07,WEST,5,3,15
2020-10-08,WEST,5,2,18
2020-10-09,WEST,4,2,18
2020-10-10,WEST,6,3,14
2020-10-11,WEST,6,3,17
2020-10-12,WEST,6,3,16
2020-10-13,WEST,8,4,19
2020-10-14,WEST,8,4,18
2020-10-15,WEST,6,3,19
2020-10-16,WEST,5,3,21
2020-10-17,WEST,8,6,37
2020-10-18,WEST,9,5,23
2020-10-19,WEST,9,5,24
2020-10-20,WEST,10,6,27
2020-10-21,WEST,8,6,29
2020-10-22,WEST,9,6,27
2020-10-23,WEST,9,8,27
2020-10-24,WEST,10,7,24
2020-10-25,WEST,9,6,23
2020-10-26,WEST,10,6,30
2020-10-27,WEST,8,6,28
2020-10-28,WEST,8,6,24
2020-10-29,WEST,9,7,30
2020-10-30,WEST,7,5,24
2020-10-31,WEST,6,4,26
2020-11-01,WEST,7,6,28
2020-11-02,WEST,7,6,30
2020-11-03,WEST,9,6,30
2020-11-04,WEST,9,6,30
2020-11-05,WEST,10,7,31
2020-11-06,WEST,10,8,36
2020-11-07,WEST,8,5,34
2020-11-08,WEST,7,3,37
2020-11-09,WEST,8,5,35
2020-11-10,WEST,9,6,37
2020-11-11,WEST,9,6,37
2020-11-12,WEST,10,6,43
2020-11-13,WEST,12,7,40
2020-11-14,WEST,14,7,63
2020-11-15,WEST,17,7,61
2020-11-16,WEST,18,9,70
2020-11-17,WEST,19,11,74
2020-11-18,WEST,20,11,75
2020-11-19,WEST,25,15,74
2020-11-20,WEST,24,14,81
2020-11-21,WEST,31,14,80
2020-11-22,WEST,31,17,84
2020-11-23,WEST,32,10,90
2020-11-24,WEST,32,17,94
2020-11-25,WEST,32,21,103
2020-11-26,WEST,29,22,110
2020-11-27,WEST,28,19,114
2020-11-28,WEST,29,16,124
2020-11-29,WEST,28,10,133
2020-11-30,WEST,31,17,140
2020-12-01,WEST,34,15,139
2020-12-02,WEST,34,17,150
2020-12-03,WEST,39,15,167
2020-12-04,WEST,46,19,175
2020-12-05,WEST,51,23,209
2020-12-06,WEST,49,25,211
2020-12-07,WEST,56,23,207
2020-12-08,WEST,56,29,232
2020-12-09,WEST,53,32,231
2020-12-10,WEST,57,28,224
2020-12-11,WEST,60,28,214
2020-12-12,WEST,60,30,236
2020-12-13,WEST,62,26,236
2020-12-14,WEST,58,27,245
2020-12-15,WEST,55,28,258
2020-12-16,WEST,57,37,253
2020-12-17,WEST,63,38,267
2020-12-18,WEST,63,38,263
2020-12-19,WEST,62,21,270
2020-12-20,WEST,60,28,263
2020-12-21,WEST,58,27,277
2020-12-22,WEST,61,34,280
2020-12-23,WEST,66,40,265
2020-12-24,WEST,67,38,257
2020-12-25,WEST,68,37,282
2020-12-26,WEST,70,42,288
2020-12-27,WEST,67,36,301
2020-12-28,WEST,72,43,330
2020-12-29,WEST,71,42,345
2020-12-30,WEST,75,42,353
2020-12-31,WEST,83,43,392
2021-01-01,WEST,88,45,388
2021-01-02,WEST,83,48,420
2021-01-03,WEST,82,50,424
2021-01-04,WEST,84,39,438
2021-01-05,WEST,90,59,441
2021-01-06,WEST,95,59,433
2021-01-07,WEST,94,56,428
2021-01-08,WEST,94,57,426
2021-01-09,WEST,97,53,418
2021-01-10,WEST,101,59,418
2021-01-11,WEST,103,58,441
2021-01-12,WEST,102,60,470
2021-01-13,WEST,106,65,461
2021-01-14,WEST,109,71,469
2021-01-15,WEST,108,73,478
2021-01-16,WEST,109,69,454
2021-01-17,WEST,107,70,479
2021-01-18,WEST,102,73,454
2021-01-19,WEST,108,77,475
2021-01-20,WEST,103,75,466
2021-01-21,WEST,101,73,460
2021-01-22,WEST,98,74,452
2021-01-23,WEST,102,75,446
2021-01-24,WEST,101,78,414
2021-01-25,WEST,103,61,428
2021-01-26,WEST,96,74,441
2021-01-27,WEST,96,75,424
2021-01-28,WEST,93,75,406
2021-01-29,WEST,93,73,396
2021-01-30,WEST,94,51,361
2021-01-31,WEST,101,70,351
2021-02-01,WEST,99,71,350
2021-02-02,WEST,93,70,348
2021-02-03,WEST,95,71,324
2021-02-04,WEST,88,59,303
2021-02-05,WEST,83,59,283
2021-02-06,WEST,82,53,279
2021-02-07,WEST,87,59,253
2021-02-08,WEST,86,56,237
2021-02-09,WEST,79,54,249
2021-02-10,WEST,75,56,230
2021-02-11,WEST,72,47,207
2021-02-12,WEST,69,45,185
2021-02-13,WEST,68,44,168
2021-02-14,WEST,66,46,180
2021-02-15,WEST,71,42,178
2021-02-16,WEST,64,34,187
2021-02-17,WEST,63,36,181
2021-02-18,WEST,54,31,173
2021-02-19,WEST,50,32,153
2021-02-20,WEST,48,29,151
2021-02-21,WEST,51,28,159
2021-02-22,WEST,54,35,166
2021-02-23,WEST,50,33,166
2021-02-24,WEST,55,35,157
2021-02-25,WEST,53,31,169
2021-02-26,WEST,54,39,154
2021-02-27,WEST,56,35,168
2021-02-28,WEST,59,42,166
2021-03-01,WEST,57,37,167
2021-03-02,WEST,61,44,164
2021-03-03,WEST,64,45,168
2021-03-04,WEST,67,48,161
2021-03-05,WEST,65,41,155
2021-03-06,WEST,62,47,157
2021-03-07,WEST,62,46,159
2021-03-08,WEST,67,52,178
2021-03-09,WEST,68,44,181
2021-03-10,WEST,61,46,160
2021-03-11,WEST,60,46,159
2021-03-12,WEST,58,39,149
2021-03-13,WEST,57,37,150
2021-03-14,WEST,56,37,152
2021-03-15,WEST,61,36,172
2021-03-16,WEST,56,37,191
2021-03-17,WEST,58,37,185
2021-03-18,WEST,60,42,187
2021-03-19,WEST,56,38,194
2021-03-20,WEST,55,39,189
2021-03-21,WEST,58,31,187
2021-03-22,WEST,57,34,200
